text_id,file_path,paper_title,paper_discipline,student_level,discipline_cat,level_cat,student_gender,speaker_status,paper_type,paper_features,tokens_total,sentences_total
BIO.G0.02.1,data/text_data/micusp_mini/BIO.G0.02.1.txt,Host-Parasite Interactions: On the Presumed Sympatric Speciation of Vidua,Biology,Final Year Undergraduate,BIO,G0,M,NS,Report,"Tables, graphs or figures, Reference to sources",2702,104
BIO.G0.03.1,data/text_data/micusp_mini/BIO.G0.03.1.txt,Lab 3: Plant Competition,Biology,Final Year Undergraduate,BIO,G0,F,NS,ResearchPaper,"Discussion of results section, Tables, graphs or figures, Reference to sources",1100,41
BIO.G0.06.1,data/text_data/micusp_mini/BIO.G0.06.1.txt,Global Reproductive Strategies of Tursiops and Stenella (Family Delphinidae),Biology,Final Year Undergraduate,BIO,G0,F,NS,Report,"Tables, graphs or figures, Literature review section, Reference to sources",3316,168
BIO.G0.12.1,data/text_data/micusp_mini/BIO.G0.12.1.txt,The Effect of Initial Carbon Dioxide Concentration on the Rate of Photosynthesis in the Aquatic Plant Elodea,Biology,Final Year Undergraduate,BIO,G0,F,NS,ResearchPaper,"Problem-solution pattern, Methodology section, Discussion of results section, Tables, graphs or figures, Reference to sources",1050,46
BIO.G0.21.1,data/text_data/micusp_mini/BIO.G0.21.1.txt,Prevalence of Haemosporidians in Birds of Northern Michigan,Biology,Final Year Undergraduate,BIO,G0,F,NS,ResearchPaper,"Abstract, Tables, graphs or figures, Methodology section, Discussion of results section, Literature review section, Reference to sources",1489,68
BIO.G0.25.1,data/text_data/micusp_mini/BIO.G0.25.1.txt,Malaria in the Twenty-first Century,Biology,Final Year Undergraduate,BIO,G0,F,NS,Report,"Definitions, Reference to sources",1627,89
BIO.G0.29.1,data/text_data/micusp_mini/BIO.G0.29.1.txt,Sexual Selection and Male Sacrifice:  From Darwin until Now,Biology,Final Year Undergraduate,BIO,G0,F,NS,Report,Reference to sources,1393,60
BIO.G2.02.1,data/text_data/micusp_mini/BIO.G2.02.1.txt,Modularity and the Evolution of Complex Systems,Biology,Second Year Graduate,BIO,G2,F,NS,Report,Reference to sources,2814,102
BIO.G2.03.1,data/text_data/micusp_mini/BIO.G2.03.1.txt,"Cholera Seasonality, Rainfall, and Fadeouts: a Geostatistical Approach",Biology,Second Year Graduate,BIO,G2,M,NNS,ResearchPaper,"Methodology section, Discussion of results section, Tables, graphs or figures, Reference to sources",2366,85
BIO.G3.02.1,data/text_data/micusp_mini/BIO.G3.02.1.txt,Linking scales to understand diversity,Biology,Third Year Graduate,BIO,G3,F,NS,Proposal,"Definitions, Literature review section, Reference to sources",8322,487
CEE.G0.03.1,data/text_data/micusp_mini/CEE.G0.03.1.txt,Glacier Way Dam Site Soils Evaluation,Civil and Environmental Engineering,Final Year Undergraduate,CEE,G0,M,NS,ResearchPaper,"Discussion of results section, Methodology section, Problem-solution pattern",1354,74
CEE.G0.04.1,data/text_data/micusp_mini/CEE.G0.04.1.txt,Gradation Analyses and Permeability Tests for Glacier Way dam project,Civil and Environmental Engineering,Final Year Undergraduate,CEE,G0,M,NS,ResearchPaper,"Methodology section, Discussion of results section, Tables, graphs or figures",1114,50
CEE.G1.02.1,data/text_data/micusp_mini/CEE.G1.02.1.txt,Necking and Localization in Plane Stress / Strain,Civil and Environmental Engineering,First Year Graduate,CEE,G1,M,NNS,ResearchPaper,"Methodology section, Discussion of results section, Tables, graphs or figures, Reference to sources",2147,124
CEE.G1.03.1,data/text_data/micusp_mini/CEE.G1.03.1.txt,Dundee Wastewater Treatment Plant: a Brief Examination,Civil and Environmental Engineering,First Year Graduate,CEE,G1,F,NS,Report,"Discussion of results section, Tables, graphs or figures, Reference to sources",3397,183
CEE.G1.04.1,data/text_data/micusp_mini/CEE.G1.04.1.txt,Use of Reinforced Concrete Shear Walls in Steel Framed Buildings,Civil and Environmental Engineering,First Year Graduate,CEE,G1,M,NS,Report,"Methodology section, Tables, graphs or figures, Reference to sources",3364,151
CEE.G1.09.1,data/text_data/micusp_mini/CEE.G1.09.1.txt,Durability of Reinforced Concrete,Civil and Environmental Engineering,First Year Graduate,CEE,G1,M,NS,Report,NA,3318,179
CEE.G2.01.1,data/text_data/micusp_mini/CEE.G2.01.1.txt,Sustainability of the Internal Combustion Engine,Civil and Environmental Engineering,Second Year Graduate,CEE,G2,M,NS,Report,"Abstract, Tables, graphs or figures, Reference to sources",6071,307
CEE.G3.01.1,data/text_data/micusp_mini/CEE.G3.01.1.txt,A Study on an Interaction of Copper-Binding Compounds Between Methanotrophs,Civil and Environmental Engineering,Third Year Graduate,CEE,G3,M,NNS,ResearchPaper,"Methodology section, Discussion of results section, Reference to sources",5877,240
CEE.G3.02.1,data/text_data/micusp_mini/CEE.G3.02.1.txt,Project: Computation of Deformation,Civil and Environmental Engineering,Third Year Graduate,CEE,G3,M,NNS,ResearchPaper,"Tables, graphs or figures",783,44
CEE.G3.03.1,data/text_data/micusp_mini/CEE.G3.03.1.txt,Contaminant Transport in Constructed Wetlands for Urban Stormwater Management,Civil and Environmental Engineering,Third Year Graduate,CEE,G3,F,NS,ResearchPaper,"Definitions, Abstract, Tables, graphs or figures, Reference to sources",3964,169
CLS.G0.02.1,data/text_data/micusp_mini/CLS.G0.02.1.txt,Augustine Anatomized,Classical Studies,Final Year Undergraduate,CLS,G0,F,NS,Essay,Reference to sources,1109,50
CLS.G0.03.1,data/text_data/micusp_mini/CLS.G0.03.1.txt,Regarding the Public Image of the Emperor Augustus,Classical Studies,Final Year Undergraduate,CLS,G0,M,NS,Report,NA,851,26
CLS.G0.04.1,data/text_data/micusp_mini/CLS.G0.04.1.txt,Circe's portrayal as a witch in the Odyssey,Classical Studies,Final Year Undergraduate,CLS,G0,F,NS,ResponsePaper,NA,429,16
CLS.G0.05.1,data/text_data/micusp_mini/CLS.G0.05.1.txt,The Importance of Germanicus to the Roman Empire,Classical Studies,Final Year Undergraduate,CLS,G0,F,NS,Report,NA,2458,123
CLS.G0.06.1,data/text_data/micusp_mini/CLS.G0.06.1.txt,Analysis of the Parthenon Frieze,Classical Studies,Final Year Undergraduate,CLS,G0,F,NS,Essay,NA,1629,59
CLS.G1.01.1,data/text_data/micusp_mini/CLS.G1.01.1.txt,Plato and Hellenistic Poetics:  A Study of Narratological Framing,Classical Studies,First Year Graduate,CLS,G1,M,NS,Essay,Reference to sources,5810,215
CLS.G1.02.1,data/text_data/micusp_mini/CLS.G1.02.1.txt,"Academic Ambitions: Cicero, the Persona of the Philosopher, and Roman Elite Status",Classical Studies,First Year Graduate,CLS,G1,M,NS,Report,Reference to sources,3513,84
CLS.G1.04.1,data/text_data/micusp_mini/CLS.G1.04.1.txt,The Bellum Hispaniense as a Face of Battle Narrative,Classical Studies,First Year Graduate,CLS,G1,M,NS,Essay,Reference to sources,2159,64
CLS.G2.01.1,data/text_data/micusp_mini/CLS.G2.01.1.txt,The Nightmare of Arcady,Classical Studies,Second Year Graduate,CLS,G2,M,NS,Essay,Reference to sources,5917,197
CLS.G2.02.1,data/text_data/micusp_mini/CLS.G2.02.1.txt,Platonic Thought in Book I of Livy's Ab Urbe Condita,Classical Studies,Second Year Graduate,CLS,G2,M,NS,Essay,Reference to sources,3462,117
ECO.G0.02.1,data/text_data/micusp_mini/ECO.G0.02.1.txt,Analysis of the Microsoft Case,Economics,Final Year Undergraduate,ECO,G0,F,NS,Report,NA,1237,58
ECO.G0.07.1,data/text_data/micusp_mini/ECO.G0.07.1.txt,U.S. Health Insurance,Economics,Final Year Undergraduate,ECO,G0,F,NS,Report,Reference to sources,1908,90
ECO.G0.08.1,data/text_data/micusp_mini/ECO.G0.08.1.txt,Transportation Costs and the Non-Agricultural Sector in 19th Century Brazil,Economics,Final Year Undergraduate,ECO,G0,M,NS,ResearchPaper,"Literature review section, Discussion of results section, Tables, graphs or figures, Reference to sources",3759,117
ECO.G1.03.1,data/text_data/micusp_mini/ECO.G1.03.1.txt,What Drives the Relationship between Education and Fertility?,Economics,First Year Graduate,ECO,G1,F,NNS,ResearchPaper,"Abstract, Tables, graphs or figures, Discussion of results section, Methodology section, Problem-solution pattern, Literature review section, Reference to sources",4856,181
ECO.G2.02.1,data/text_data/micusp_mini/ECO.G2.02.1.txt,Evasion Technologies and Optimal Audits,Economics,Second Year Graduate,ECO,G2,M,NS,Report,"Definitions, Tables, graphs or figures, Methodology section, Literature review section, Reference to sources",1600,78
ECO.G2.03.1,data/text_data/micusp_mini/ECO.G2.03.1.txt,Debt and Labor Supply,Economics,Second Year Graduate,ECO,G2,M,NS,Report,Reference to sources,3655,155
ECO.G2.04.1,data/text_data/micusp_mini/ECO.G2.04.1.txt,Asymmetric Stock Price Response to Firms' Earnings Announcements,Economics,Second Year Graduate,ECO,G2,M,NNS,ResearchPaper,"Abstract, Tables, graphs or figures, Methodology section, Definitions, Discussion of results section, Literature review section, Reference to sources",4439,196
ECO.G2.05.1,data/text_data/micusp_mini/ECO.G2.05.1.txt,"Outsourcing Clerical Jobs, an Exploratory Analysis",Economics,Second Year Graduate,ECO,G2,F,NS,ResearchPaper,"Problem-solution pattern, Tables, graphs or figures, Reference to sources",5114,247
ECO.G2.07.1,data/text_data/micusp_mini/ECO.G2.07.1.txt,Shotgun marriages in the US,Economics,Second Year Graduate,ECO,G2,F,NS,Proposal,NA,746,29
ECO.G2.08.1,data/text_data/micusp_mini/ECO.G2.08.1.txt,Referee Report for a Job Market Paper in International Finance,Economics,Second Year Graduate,ECO,G2,M,NNS,ResearchPaper,NA,3669,135
EDU.G0.02.1,data/text_data/micusp_mini/EDU.G0.02.1.txt,Lesson plan evaluation,Education,Final Year Undergraduate,EDU,G0,F,NS,ResponsePaper,NA,1481,66
EDU.G0.05.1,data/text_data/micusp_mini/EDU.G0.05.1.txt,5th Grade Science Lesson,Education,Final Year Undergraduate,EDU,G0,F,NS,Report,NA,1632,91
EDU.G0.13.1,data/text_data/micusp_mini/EDU.G0.13.1.txt,Teaching in the Field Reflection,Education,Final Year Undergraduate,EDU,G0,F,NS,Report,"Tables, graphs or figures",1180,42
EDU.G0.14.1,data/text_data/micusp_mini/EDU.G0.14.1.txt,Math methods final reflection,Education,Final Year Undergraduate,EDU,G0,F,NS,ResponsePaper,NA,579,20
EDU.G0.15.1,data/text_data/micusp_mini/EDU.G0.15.1.txt,Classroom study: Latin,Education,Final Year Undergraduate,EDU,G0,F,NNS,Report,Reference to sources,2365,98
EDU.G1.01.1,data/text_data/micusp_mini/EDU.G1.01.1.txt,"Perspective on Textual Production, Student Collaboration, and Social Networking Sites",Education,First Year Graduate,EDU,G1,M,NS,Proposal,"Methodology section, Problem-solution pattern, Literature review section, Reference to sources",2245,90
EDU.G1.07.1,data/text_data/micusp_mini/EDU.G1.07.1.txt,"Proficiency, Differentiation, and Universal Education",Education,First Year Graduate,EDU,G1,M,NS,Critique,Reference to sources,2807,111
EDU.G1.12.1,data/text_data/micusp_mini/EDU.G1.12.1.txt,Professional Development for Child Care Providers,Education,First Year Graduate,EDU,G1,F,NS,Report,"Methodology section, Discussion of results section, Literature review section, Reference to sources",9857,445
EDU.G3.01.1,data/text_data/micusp_mini/EDU.G3.01.1.txt,Schools and the development of national identity in young children: A justification for comparison,Education,Third Year Graduate,EDU,G3,F,NS,Proposal,"Definitions, Tables, graphs or figures, Reference to sources",5420,162
EDU.G3.04.1,data/text_data/micusp_mini/EDU.G3.04.1.txt,Growing Trend of Part-time Faculty at Community Colleges,Education,Third Year Graduate,EDU,G3,F,NS,Report,"Definitions, Tables, graphs or figures, Literature review section, Reference to sources",6912,286
ENG.G0.16.1,data/text_data/micusp_mini/ENG.G0.16.1.txt,Humans and Animals in the Book of Genesis,English,Final Year Undergraduate,ENG,G0,M,NS,Report,"Definitions, Reference to sources",1247,59
ENG.G0.21.1,data/text_data/micusp_mini/ENG.G0.21.1.txt,Elevated Language in Beowulf,English,Final Year Undergraduate,ENG,G0,M,NS,Essay,NA,1606,109
ENG.G0.24.1,data/text_data/micusp_mini/ENG.G0.24.1.txt,Contradiction and Religious Critique: The Pardoner in The Canterbury Tales,English,Final Year Undergraduate,ENG,G0,F,NS,Essay,Reference to sources,2832,100
ENG.G0.38.1,data/text_data/micusp_mini/ENG.G0.38.1.txt,Roman Polanski's Macbeth,English,Final Year Undergraduate,ENG,G0,F,NS,ResponsePaper,NA,551,22
ENG.G0.50.1,data/text_data/micusp_mini/ENG.G0.50.1.txt,Rosamond Vincy and the Real Sphere,English,Final Year Undergraduate,ENG,G0,F,NS,Report,Reference to sources,1522,50
ENG.G0.55.1,data/text_data/micusp_mini/ENG.G0.55.1.txt,Self Destruction in Kindred,English,Final Year Undergraduate,ENG,G0,F,NS,Essay,Reference to sources,1771,99
ENG.G0.58.1,data/text_data/micusp_mini/ENG.G0.58.1.txt,My Reading of Chaucer,English,Third Year Graduate,ENG,G0,M,NNS,Essay,"Literature review section, Reference to sources",2343,108
ENG.G2.01.1,data/text_data/micusp_mini/ENG.G2.01.1.txt,Messianic Masochism in H. Rider Haggard,English,Second Year Graduate,ENG,G2,M,NS,Essay,NA,2733,68
ENG.G2.02.1,data/text_data/micusp_mini/ENG.G2.02.1.txt,Dramatic Adaptations: Jewish Identity and Narrative Form in The Island Within,English,Second Year Graduate,ENG,G2,M,NS,Essay,NA,2723,84
ENG.G2.04.1,data/text_data/micusp_mini/ENG.G2.04.1.txt,Augusta Webster Paper,English,Second Year Graduate,ENG,G2,F,NS,Essay,Reference to sources,2172,74
HIS.G0.02.1,data/text_data/micusp_mini/HIS.G0.02.1.txt,Early 20th century Britain,History,Final Year Undergraduate,HIS,G0,F,NS,Report,Reference to sources,1044,35
HIS.G0.03.1,data/text_data/micusp_mini/HIS.G0.03.1.txt,Smith and Malthus,History,Final Year Undergraduate,HIS,G0,M,NS,Essay,Reference to sources,836,26
HIS.G1.01.1,data/text_data/micusp_mini/HIS.G1.01.1.txt,New Social History,History,First Year Graduate,HIS,G1,F,NS,Essay,NA,1061,36
HIS.G1.02.1,data/text_data/micusp_mini/HIS.G1.02.1.txt,Joan Scott's 'Gender' in 2007,History,First Year Graduate,HIS,G1,F,NS,Report,NA,2029,66
HIS.G1.04.1,data/text_data/micusp_mini/HIS.G1.04.1.txt,Outsourcing History: On the Necessity of Stepping Out of the Archive,History,First Year Graduate,HIS,G1,F,NNS,Essay,Reference to sources,3819,128
HIS.G1.05.1,data/text_data/micusp_mini/HIS.G1.05.1.txt,Trickster Travels Review,History,First Year Graduate,HIS,G1,F,NS,Report,Reference to sources,2572,85
HIS.G1.06.1,data/text_data/micusp_mini/HIS.G1.06.1.txt,Review of Jon T. Coleman's Vicious,History,First Year Graduate,HIS,G1,F,NS,Report,NA,2446,87
HIS.G1.07.1,data/text_data/micusp_mini/HIS.G1.07.1.txt,Marxist Historical Analysis,History,First Year Graduate,HIS,G1,M,NS,Report,Reference to sources,841,32
HIS.G2.04.1,data/text_data/micusp_mini/HIS.G2.04.1.txt,Chechen War Imaginary,History,Second Year Graduate,HIS,G2,M,NS,Essay,"Definitions, Reference to sources",8263,250
HIS.G3.02.1,data/text_data/micusp_mini/HIS.G3.02.1.txt,Technology in the Indian Ocean,History,Third Year Graduate,HIS,G3,F,NS,Report,"Tables, graphs or figures, Reference to sources",9783,289
IOE.G0.06.1,data/text_data/micusp_mini/IOE.G0.06.1.txt,External Analysis of the National Society of Black Engineers,Industrial and Operational Engineering,Final Year Undergraduate,IOE,G0,M,NS,Report,"Tables, graphs or figures",4449,233
IOE.G0.07.1,data/text_data/micusp_mini/IOE.G0.07.1.txt,Honda Facility Location Analysis,Industrial and Operational Engineering,Final Year Undergraduate,IOE,G0,M,NS,Report,"Discussion of results section, Tables, graphs or figures, Reference to sources",2631,134
IOE.G0.08.1,data/text_data/micusp_mini/IOE.G0.08.1.txt,E-Dining Expansion Project Proposal,Industrial and Operational Engineering,Final Year Undergraduate,IOE,G0,M,NS,Proposal,Problem-solution pattern,1418,75
IOE.G0.09.1,data/text_data/micusp_mini/IOE.G0.09.1.txt,Final Report of E-Dining's New Shipping/Packing Process and Retail Store Layout,Industrial and Operational Engineering,Final Year Undergraduate,IOE,G0,M,NS,Critique,"Tables, graphs or figures",1519,78
IOE.G1.01.1,data/text_data/micusp_mini/IOE.G1.01.1.txt,Work Methods Analysis for Bagel Preparation,Industrial and Operational Engineering,First Year Graduate,IOE,G1,M,NS,ResearchPaper,"Tables, graphs or figures, Methodology section, Problem-solution pattern, Discussion of results section",1950,83
IOE.G1.02.1,data/text_data/micusp_mini/IOE.G1.02.1.txt,Society of Automotive Engineers (SAE) Annual Congress Review,Industrial and Operational Engineering,First Year Graduate,IOE,G1,F,NNS,ResponsePaper,NA,877,40
IOE.G1.03.1,data/text_data/micusp_mini/IOE.G1.03.1.txt,Changing the Game: Representing Innovation Through Football,Industrial and Operational Engineering,First Year Graduate,IOE,G1,M,NS,Report,Reference to sources,1674,81
IOE.G1.05.1,data/text_data/micusp_mini/IOE.G1.05.1.txt,Complexity Theory: Simplifying Life for Organizational Theorists,Industrial and Operational Engineering,First Year Graduate,IOE,G1,M,NNS,Report,"Definitions, Tables, graphs or figures, Reference to sources",6168,263
IOE.G1.06.1,data/text_data/micusp_mini/IOE.G1.06.1.txt,Organizations as Brains: An Information Processing View - An Analysis of the Challenger Disaster,Industrial and Operational Engineering,First Year Graduate,IOE,G1,F,NNS,Report,Reference to sources,1400,67
IOE.G3.01.1,data/text_data/micusp_mini/IOE.G3.01.1.txt,Water Utility Efficiency Assessment Using a Data Envelopment Analysis,Industrial and Operational Engineering,Third Year Graduate,IOE,G3,M,NS,ResearchPaper,"Abstract, Tables, graphs or figures, Discussion of results section, Methodology section, Problem-solution pattern, Reference to sources",4653,181
LIN.G0.02.1,data/text_data/micusp_mini/LIN.G0.02.1.txt,Individual Colonies: Dialect Acquisition in Immigrants,Linguistics,Final Year Undergraduate,LIN,G0,F,NS,Essay,Reference to sources,2571,131
LIN.G0.06.1,data/text_data/micusp_mini/LIN.G0.06.1.txt,Distinctive Features of Indo-Pakistani English,Linguistics,Final Year Undergraduate,LIN,G0,M,NS,Report,Reference to sources,5814,252
LIN.G0.08.1,data/text_data/micusp_mini/LIN.G0.08.1.txt,Nicaraguan Sign Language: The Role of Adult Input in the Formation and Development of a Unique Creole,Linguistics,Final Year Undergraduate,LIN,G0,F,NS,ResearchPaper,"Abstract, Discussion of results section, Literature review section, Reference to sources",4150,140
LIN.G0.10.1,data/text_data/micusp_mini/LIN.G0.10.1.txt,Assignment 2: ESL Lesson Plan,Linguistics,Final Year Undergraduate,LIN,G0,F,NS,Proposal,NA,1479,59
LIN.G0.11.1,data/text_data/micusp_mini/LIN.G0.11.1.txt,Review of Muniz: Ebonics And Tex-Mex - English By Any Other Name,Linguistics,Final Year Undergraduate,LIN,G0,F,NS,Critique,NA,725,20
LIN.G0.12.1,data/text_data/micusp_mini/LIN.G0.12.1.txt,National Identity and Language Education Policy,Linguistics,Final Year Undergraduate,LIN,G0,F,NS,Essay,Reference to sources,3336,129
LIN.G0.13.1,data/text_data/micusp_mini/LIN.G0.13.1.txt,Narrative Initiation in Personal Versus Co-Constructed Narratives,Linguistics,Final Year Undergraduate,LIN,G0,F,NS,Report,"Literature review section, Reference to sources",2600,112
LIN.G1.01.1,data/text_data/micusp_mini/LIN.G1.01.1.txt,Recognizing Textual Entailment With a Modified BLEU Algorithm,Linguistics,First Year Graduate,LIN,G1,M,NS,ResearchPaper,"Abstract, Tables, graphs or figures, Discussion of results section, Methodology section, Definitions, Problem-solution pattern, Reference to sources",3624,144
LIN.G1.06.1,data/text_data/micusp_mini/LIN.G1.06.1.txt,German Fricatives,Linguistics,First Year Graduate,LIN,G1,F,NS,ResearchPaper,"Methodology section, Discussion of results section, Tables, graphs or figures",2060,78
LIN.G3.02.1,data/text_data/micusp_mini/LIN.G3.02.1.txt,A Multi-lingual Segmenter by Using Viterbi Algorithm,Linguistics,Third Year Graduate,LIN,G3,F,NNS,ResearchPaper,"Abstract, Discussion of results section, Methodology section, Problem-solution pattern, Literature review section, Reference to sources",1659,97
MEC.G0.04.1,data/text_data/micusp_mini/MEC.G0.04.1.txt,Thermoelectric Waste Heat Recovery for a Toyota Prius,Mechanical Engineering,Final Year Undergraduate,MEC,G0,F,NS,ResearchPaper,"Abstract, Tables, graphs or figures, Discussion of results section, Methodology section, Definitions, Problem-solution pattern, Reference to sources",3164,147
MEC.G0.05.1,data/text_data/micusp_mini/MEC.G0.05.1.txt,Design Modifications to Reduce Vibration on Electric Vehicle Drive Shaft,Mechanical Engineering,Final Year Undergraduate,MEC,G0,M,NS,ResearchPaper,"Tables, graphs or figures, Problem-solution pattern, Discussion of results section, Reference to sources",2511,112
MEC.G0.06.1,data/text_data/micusp_mini/MEC.G0.06.1.txt,Safety Shield Test Fixture,Mechanical Engineering,Final Year Undergraduate,MEC,G0,M,NS,Report,"Abstract, Methodology section, Discussion of results section, Tables, graphs or figures, Reference to sources",7232,368
MEC.G0.07.1,data/text_data/micusp_mini/MEC.G0.07.1.txt,Human Fall Monitoring Using MEMS Accelerometers,Mechanical Engineering,Final Year Undergraduate,MEC,G0,M,NS,ResearchPaper,"Abstract, Tables, graphs or figures, Discussion of results section, Methodology section, Problem-solution pattern, Reference to sources",1986,106
MEC.G0.08.1,data/text_data/micusp_mini/MEC.G0.08.1.txt,Fall-related hip fractures and injury avoidance maneuvers,Mechanical Engineering,Final Year Undergraduate,MEC,G0,M,NS,ResearchPaper,"Abstract, Tables, graphs or figures, Methodology section, Discussion of results section, Literature review section, Reference to sources",2557,105
MEC.G0.12.1,data/text_data/micusp_mini/MEC.G0.12.1.txt,Attitude Control Report,Mechanical Engineering,Final Year Undergraduate,MEC,G0,F,NS,Report,"Tables, graphs or figures",784,41
MEC.G1.02.1,data/text_data/micusp_mini/MEC.G1.02.1.txt,Autobody structure mini project,Mechanical Engineering,First Year Graduate,MEC,G1,M,NNS,Proposal,"Tables, graphs or figures, Problem-solution pattern, Discussion of results section",1900,97
MEC.G1.05.1,data/text_data/micusp_mini/MEC.G1.05.1.txt,Turbulence in internal combustion engines,Mechanical Engineering,First Year Graduate,MEC,G1,F,NNS,ResearchPaper,"Abstract, Tables, graphs or figures, Discussion of results section, Methodology section, Problem-solution pattern, Reference to sources",1541,56
MEC.G2.04.1,data/text_data/micusp_mini/MEC.G2.04.1.txt,Provably Stable Walking Gaits for a 3-link Robot with Point Feet,Mechanical Engineering,Second Year Graduate,MEC,G2,M,NS,ResearchPaper,"Tables, graphs or figures, Reference to sources",2264,117
MEC.G3.02.1,data/text_data/micusp_mini/MEC.G3.02.1.txt,A Pressure Dependent Plasticity Model of Nitinol,Mechanical Engineering,Third Year Graduate,MEC,G3,M,NS,Report,"Tables, graphs or figures, Methodology section, Problem-solution pattern, Discussion of results section, Reference to sources",1597,57
NRE.G0.03.1,data/text_data/micusp_mini/NRE.G0.03.1.txt,Economics: One of the Many Components of Sustainability,Natural Resources,Final Year Undergraduate,NRE,G0,M,NS,Essay,NA,968,49
NRE.G0.06.1,data/text_data/micusp_mini/NRE.G0.06.1.txt,Environmental Justice Movement in SE Asia &amp; The US,Natural Resources,Final Year Undergraduate,NRE,G0,M,NS,Report,"Abstract, Reference to sources",3793,113
NRE.G0.08.1,data/text_data/micusp_mini/NRE.G0.08.1.txt,Urban Planning Memo,Natural Resources,Final Year Undergraduate,NRE,G0,F,NNS,Report,"Tables, graphs or figures",1682,73
NRE.G0.09.1,data/text_data/micusp_mini/NRE.G0.09.1.txt,Bear Valley Structural Analysis,Natural Resources,Final Year Undergraduate,NRE,G0,F,NS,Report,"Abstract, Methodology section, Tables, graphs or figures",589,34
NRE.G1.18.1,data/text_data/micusp_mini/NRE.G1.18.1.txt,Sewage Treatment and the Need for Regulation,Natural Resources,First Year Graduate,NRE,G1,M,NS,ResearchPaper,"Abstract, Methodology section, Discussion of results section, Tables, graphs or figures",1978,72
NRE.G1.26.1,data/text_data/micusp_mini/NRE.G1.26.1.txt,Issue Network,Natural Resources,First Year Graduate,NRE,G1,F,NS,Report,"Definitions, Tables, graphs or figures, Reference to sources",702,16
NRE.G2.05.1,data/text_data/micusp_mini/NRE.G2.05.1.txt,From Sabotage to Sandwiches - The Transformation of Conflict in the Clackamas River Watershed,Natural Resources,Second Year Graduate,NRE,G2,M,NS,Report,Reference to sources,4654,165
NRE.G2.07.1,data/text_data/micusp_mini/NRE.G2.07.1.txt,Impact on atmospheric carbon dioxide levels: Sequestration vs. reduced emissions,Natural Resources,Second Year Graduate,NRE,G2,F,NS,ResearchPaper,"Abstract, Methodology section, Discussion of results section, Tables, graphs or figures, Reference to sources",771,34
NRE.G2.08.1,data/text_data/micusp_mini/NRE.G2.08.1.txt,Environmental improvement example,Natural Resources,Second Year Graduate,NRE,G2,F,NNS,Report,Reference to sources,495,20
NRE.G3.02.1,data/text_data/micusp_mini/NRE.G3.02.1.txt,Policy Decision Memo,Natural Resources,Third Year Graduate,NRE,G3,F,NS,Essay,Reference to sources,2590,107
NUR.G0.01.1,data/text_data/micusp_mini/NUR.G0.01.1.txt,Case Study Analysis of Emergency Contraception Can Reveal Characteristics of Society as a Whole,Nursing,Final Year Undergraduate,NUR,G0,F,NS,Essay,Reference to sources,3900,112
NUR.G0.11.1,data/text_data/micusp_mini/NUR.G0.11.1.txt,Postpartum Exercise and Activity,Nursing,Final Year Undergraduate,NUR,G0,F,NS,Report,"Literature review section, Reference to sources",5604,302
NUR.G0.13.1,data/text_data/micusp_mini/NUR.G0.13.1.txt,HIV education intervention,Nursing,Final Year Undergraduate,NUR,G0,F,NS,ResearchPaper,"Abstract, Methodology section, Discussion of results section, Tables, graphs or figures, Reference to sources",1999,97
NUR.G0.15.1,data/text_data/micusp_mini/NUR.G0.15.1.txt,Circumcision: Challenging a Social Norm,Nursing,Final Year Undergraduate,NUR,G0,F,NS,Essay,"Problem-solution pattern, Tables, graphs or figures, Reference to sources",4376,233
NUR.G1.04.1,data/text_data/micusp_mini/NUR.G1.04.1.txt,Practice Paradigm in Nursing,Nursing,First Year Graduate,NUR,G1,F,NNS,Report,Reference to sources,1135,34
NUR.G1.06.1,data/text_data/micusp_mini/NUR.G1.06.1.txt,Top Ten U.S. Health Problems,Nursing,First Year Graduate,NUR,G1,F,NS,Report,Reference to sources,2828,131
NUR.G2.01.1,data/text_data/micusp_mini/NUR.G2.01.1.txt,The 10 most effective life strategies,Nursing,Second Year Graduate,NUR,G2,F,NS,Report,"Problem-solution pattern, Reference to sources",3597,162
NUR.G3.03.1,data/text_data/micusp_mini/NUR.G3.03.1.txt,Family Caregivers of Recurrent Breast Cancer Patients: Factors Affecting Perceived Burden,Nursing,Third Year Graduate,NUR,G3,F,NS,Report,"Tables, graphs or figures, Literature review section, Reference to sources",4547,210
NUR.G3.05.1,data/text_data/micusp_mini/NUR.G3.05.1.txt,KASE-AQ Pediatric,Nursing,Third Year Graduate,NUR,G3,F,NS,ResearchPaper,"Abstract, Tables, graphs or figures, Methodology section, Discussion of results section, Literature review section, Reference to sources",5933,274
NUR.G3.06.1,data/text_data/micusp_mini/NUR.G3.06.1.txt,Research protocol for dissertation research,Nursing,Third Year Graduate,NUR,G3,F,NNS,Proposal,"Methodology section, Tables, graphs or figures, Discussion of results section",3941,156
PHI.G0.03.1,data/text_data/micusp_mini/PHI.G0.03.1.txt,Grice's Analysis of Metaphor and Irony,Philosophy,Final Year Undergraduate,PHI,G0,F,NS,Report,"Definitions, Reference to sources",2025,102
PHI.G0.05.1,data/text_data/micusp_mini/PHI.G0.05.1.txt,The Pits and Folds of Religious Tolerance,Philosophy,Final Year Undergraduate,PHI,G0,M,NS,Essay,Reference to sources,1599,61
PHI.G0.08.1,data/text_data/micusp_mini/PHI.G0.08.1.txt,The Cartesian Circle,Philosophy,Final Year Undergraduate,PHI,G0,M,NS,Report,Reference to sources,856,39
PHI.G0.10.1,data/text_data/micusp_mini/PHI.G0.10.1.txt,Music and Negative Emotion,Philosophy,Final Year Undergraduate,PHI,G0,F,NS,Critique,NA,2846,120
PHI.G0.11.1,data/text_data/micusp_mini/PHI.G0.11.1.txt,Final Cause and Necessity in Nature,Philosophy,Final Year Undergraduate,PHI,G0,M,NS,Report,Reference to sources,1322,40
PHI.G0.13.1,data/text_data/micusp_mini/PHI.G0.13.1.txt,"The Chinese Room, and What it Takes to Build a Mind",Philosophy,Final Year Undergraduate,PHI,G0,M,NS,Critique,Reference to sources,1275,47
PHI.G0.14.1,data/text_data/micusp_mini/PHI.G0.14.1.txt,Early Fetuses and Constitutional Rights,Philosophy,Final Year Undergraduate,PHI,G0,F,NS,Essay,Reference to sources,2165,116
PHI.G0.16.1,data/text_data/micusp_mini/PHI.G0.16.1.txt,Basic Frameworks of Moral Justification and Hierarchy of Human Needs,Philosophy,Final Year Undergraduate,PHI,G0,F,NNS,Essay,Reference to sources,2002,88
PHI.G2.01.1,data/text_data/micusp_mini/PHI.G2.01.1.txt,On Hempel's Account of Scientific Explanations,Philosophy,Second Year Graduate,PHI,G2,F,NS,Essay,Reference to sources,2169,101
PHI.G2.02.1,data/text_data/micusp_mini/PHI.G2.02.1.txt,Can We Say the Luminiferous Aether Isn't Real?,Philosophy,Second Year Graduate,PHI,G2,M,NS,Essay,"Problem-solution pattern, Reference to sources",2793,107
PHY.G0.03.1,data/text_data/micusp_mini/PHY.G0.03.1.txt,Determination of the Charge-to-Mass Ratio of the Electron,Physics,Final Year Undergraduate,PHY,G0,F,NS,ResearchPaper,"Discussion of results section, Tables, graphs or figures",1178,51
PHY.G1.02.1,data/text_data/micusp_mini/PHY.G1.02.1.txt,Optical Lattices: A Study of Bose-Hubbard Model,Physics,First Year Graduate,PHY,G1,F,NNS,Report,"Discussion of results section, Reference to sources",1079,50
PHY.G2.01.1,data/text_data/micusp_mini/PHY.G2.01.1.txt,The Weaponization of Space,Physics,Second Year Graduate,PHY,G2,M,NS,Report,Reference to sources,2790,159
PHY.G2.03.1,data/text_data/micusp_mini/PHY.G2.03.1.txt,Fast Quantum Gates with Trapped Ions,Physics,Second Year Graduate,PHY,G2,M,NS,Report,"Abstract, Tables, graphs or figures, Discussion of results section, Reference to sources",1497,58
PHY.G2.04.1,data/text_data/micusp_mini/PHY.G2.04.1.txt,Tripod-STIRAP,Physics,Second Year Graduate,PHY,G2,F,NS,Report,"Tables, graphs or figures, Reference to sources",1052,38
PHY.G2.05.1,data/text_data/micusp_mini/PHY.G2.05.1.txt,Opinion Dynamics in a Voter Model,Physics,Second Year Graduate,PHY,G2,M,NS,ResearchPaper,"Definitions, Methodology section, Discussion of results section, Reference to sources",1298,62
PHY.G2.06.1,data/text_data/micusp_mini/PHY.G2.06.1.txt,Percolation on the Kleinberg Small-World Networks,Physics,Second Year Graduate,PHY,G2,M,NS,ResearchPaper,"Tables, graphs or figures, Methodology section, Discussion of results section, Literature review section, Reference to sources",1312,76
PHY.G2.07.1,data/text_data/micusp_mini/PHY.G2.07.1.txt,Interacting network dynamics of neural populations,Physics,Second Year Graduate,PHY,G2,F,NS,Report,"Methodology section, Reference to sources",1637,53
PHY.G3.02.1,data/text_data/micusp_mini/PHY.G3.02.1.txt,Quantum Information Article Critique,Physics,Third Year Graduate,PHY,G3,M,NS,Report,"Tables, graphs or figures",706,24
PHY.G3.03.1,data/text_data/micusp_mini/PHY.G3.03.1.txt,Effective Gauge Fields in Optical Lattices,Physics,Third Year Graduate,PHY,G3,M,NS,Report,"Abstract, Tables, graphs or figures, Literature review section, Reference to sources",2290,92
POL.G0.06.1,data/text_data/micusp_mini/POL.G0.06.1.txt,Candidate debates in Vermont ??,Political Science,Final Year Undergraduate,POL,G0,M,NS,Report,Reference to sources,777,25
POL.G0.11.1,data/text_data/micusp_mini/POL.G0.11.1.txt,German Surrender of Autonomy to Fascism,Political Science,Final Year Undergraduate,POL,G0,F,NS,Essay,NA,1251,41
POL.G0.14.1,data/text_data/micusp_mini/POL.G0.14.1.txt,Tufte and The Political Business Cycle,Political Science,Final Year Undergraduate,POL,G0,M,NS,Proposal,"Methodology section, Literature review section, Reference to sources",2628,138
POL.G0.18.1,data/text_data/micusp_mini/POL.G0.18.1.txt,Increases in HIV/AIDS Education and Prevention in China,Political Science,Final Year Undergraduate,POL,G0,F,NS,Report,Reference to sources,2046,74
POL.G0.29.1,data/text_data/micusp_mini/POL.G0.29.1.txt,Seeking Hope at Home,Political Science,Final Year Undergraduate,POL,G0,M,NS,Report,Reference to sources,4023,223
POL.G0.32.1,data/text_data/micusp_mini/POL.G0.32.1.txt,The Countermjoritarian Myth,Political Science,Final Year Undergraduate,POL,G0,M,NS,Essay,Reference to sources,1606,64
POL.G0.34.1,data/text_data/micusp_mini/POL.G0.34.1.txt,The Jewish Republican,Political Science,Final Year Undergraduate,POL,G0,M,NS,Report,"Methodology section, Reference to sources",6756,292
POL.G0.36.1,data/text_data/micusp_mini/POL.G0.36.1.txt,Disability Rights,Political Science,Final Year Undergraduate,POL,G0,M,NS,Report,NA,532,20
POL.G0.47.1,data/text_data/micusp_mini/POL.G0.47.1.txt,Political Ad Analysis,Political Science,Final Year Undergraduate,POL,G0,M,NNS,Critique,NA,1560,51
POL.G1.02.1,data/text_data/micusp_mini/POL.G1.02.1.txt,The Divergent Trajectories of Political Islam in Turkey and Indonesia,Political Science,First Year Graduate,POL,G1,F,NS,Report,Reference to sources,3273,148
PSY.G0.09.1,data/text_data/micusp_mini/PSY.G0.09.1.txt,Perceptual Fluency Effects on Status-quo Response Styles,Psychology,Final Year Undergraduate,PSY,G0,M,NS,Report,"Methodology section, Discussion of results section, Tables, graphs or figures, Reference to sources",2829,125
PSY.G0.21.1,data/text_data/micusp_mini/PSY.G0.21.1.txt,Fear Conditioning Lab,Psychology,Final Year Undergraduate,PSY,G0,M,NNS,ResearchPaper,"Methodology section, Discussion of results section, Tables, graphs or figures, Reference to sources",2641,129
PSY.G0.35.1,data/text_data/micusp_mini/PSY.G0.35.1.txt,Forrest Gump and Child Development,Psychology,Final Year Undergraduate,PSY,G0,F,NS,Report,Reference to sources,1860,84
PSY.G0.38.1,data/text_data/micusp_mini/PSY.G0.38.1.txt,Sexual Education in Adolescence,Psychology,Final Year Undergraduate,PSY,G0,F,NS,Report,"Literature review section, Reference to sources",2849,95
PSY.G1.01.1,data/text_data/micusp_mini/PSY.G1.01.1.txt,Complexity Theory and Psychological Inquiry,Psychology,First Year Graduate,PSY,G1,M,NS,Report,Reference to sources,2507,94
PSY.G1.12.1,data/text_data/micusp_mini/PSY.G1.12.1.txt,Changes in social functioning during the transition to retirement communities,Psychology,First Year Graduate,PSY,G1,F,NS,Report,Reference to sources,3306,127
PSY.G1.13.1,data/text_data/micusp_mini/PSY.G1.13.1.txt,Risk and Protective Factors for Youth Violence Exposure,Psychology,First Year Graduate,PSY,G1,F,NS,Report,"Literature review section, Reference to sources",6791,210
PSY.G2.09.1,data/text_data/micusp_mini/PSY.G2.09.1.txt,Implicit Racism: Cognitive Origins and Potential Interventions,Psychology,Second Year Graduate,PSY,G2,M,NS,Report,Reference to sources,7979,238
PSY.G2.10.1,data/text_data/micusp_mini/PSY.G2.10.1.txt,Can projective assessment instruments be helpful with the five common reasons for psychological testing?,Psychology,Second Year Graduate,PSY,G2,F,NNS,Essay,Reference to sources,1629,71
PSY.G3.03.1,data/text_data/micusp_mini/PSY.G3.03.1.txt,"Culture, Mental Disorders, and Evolutionary Analyses",Psychology,Third Year Graduate,PSY,G3,F,NS,Essay,"Definitions, Problem-solution pattern, Literature review section, Reference to sources",3013,110
SOC.G0.01.1,data/text_data/micusp_mini/SOC.G0.01.1.txt,Ideology and the Transition to Democracy,Sociology,Final Year Undergraduate,SOC,G0,F,NS,Essay,NA,2284,51
SOC.G0.02.1,data/text_data/micusp_mini/SOC.G0.02.1.txt,The Nature of Poverty,Sociology,Final Year Undergraduate,SOC,G0,F,NS,Critique,NA,1812,65
SOC.G0.07.1,data/text_data/micusp_mini/SOC.G0.07.1.txt,Restrictive Covenants and their Role in the Rise of Residential Segregation in the US in the First Half of the 19th Century,Sociology,Final Year Undergraduate,SOC,G0,F,NS,Report,"Abstract, Reference to sources",2055,86
SOC.G0.13.1,data/text_data/micusp_mini/SOC.G0.13.1.txt,Thoughts on the 40 Year Old Virgin,Sociology,Final Year Undergraduate,SOC,G0,F,NS,Report,Reference to sources,1944,69
SOC.G1.01.1,data/text_data/micusp_mini/SOC.G1.01.1.txt,The Self and Other in Society,Sociology,First Year Graduate,SOC,G1,F,NS,Essay,"Definitions, Reference to sources",3069,116
SOC.G1.08.1,data/text_data/micusp_mini/SOC.G1.08.1.txt,In what ways do spatial environments affect health?,Sociology,First Year Graduate,SOC,G1,F,NS,ResponsePaper,NA,345,14
SOC.G1.09.1,data/text_data/micusp_mini/SOC.G1.09.1.txt,A Proposal: Studying Class in the Classroom,Sociology,First Year Graduate,SOC,G1,F,NS,Proposal,"Methodology section, Reference to sources",2438,113
SOC.G2.03.1,data/text_data/micusp_mini/SOC.G2.03.1.txt,"Polanyi, Marshall, Somers and utilitarian and liberal theories: Part 1",Sociology,Second Year Graduate,SOC,G2,F,NS,Report,Reference to sources,2418,91
SOC.G3.07.1,data/text_data/micusp_mini/SOC.G3.07.1.txt,Better Late Than Never: Social Stratification and Higher Education Through the Life Course,Sociology,Third Year Graduate,SOC,G3,F,NS,ResearchPaper,"Discussion of results section, Abstract, Tables, graphs or figures, Literature review section, Reference to sources",4617,178
SOC.G3.08.1,data/text_data/micusp_mini/SOC.G3.08.1.txt,Do Other Femininity: Chinese Women and Professionalization in Engineering,Sociology,Third Year Graduate,SOC,G3,F,NNS,ResearchPaper,"Abstract, Methodology section, Discussion of results section, Literature review section",3981,201